use ecommerce;

INSERT INTO usuarios (id, nome, email, senha, celular, cpf, criado_em) VALUES
(1, 'Ana Souza', 'ana.souza1@email.com', 'senha123', '(11) 91234-5678', '123.456.789-01', NOW()),
(2, 'Bruno Lima', 'bruno.lima2@email.com', 'senha123', '(21) 92345-6789', '234.567.890-12', NOW()),
(3, 'Carla Mendes', 'carla.mendes3@email.com', 'senha123', '(31) 93456-7890', '345.678.901-23', NOW()),
(4, 'Diego Alves', 'diego.alves4@email.com', 'senha123', '(41) 94567-8901', '456.789.012-34', NOW()),
(5, 'Eduarda Castro', 'eduarda.castro5@email.com', 'senha123', '(51) 95678-9012', '567.890.123-45', NOW()),
(6, 'Felipe Martins', 'felipe.martins6@email.com', 'senha123', '(61) 96789-0123', '678.901.234-56', NOW()),
(7, 'Gabriela Rocha', 'gabriela.rocha7@email.com', 'senha123', '(71) 97890-1234', '789.012.345-67', NOW()),
(8, 'Henrique Costa', 'henrique.costa8@email.com', 'senha123', '(81) 98901-2345', '890.123.456-78', NOW()),
(9, 'Isabela Nunes', 'isabela.nunes9@email.com', 'senha123', '(91) 99012-3456', '901.234.567-89', NOW()),
(10, 'João Pedro', 'joao.pedro10@email.com', 'senha123', '(11) 99123-4567', '012.345.678-90', NOW()),
(11, 'Karina Silva', 'karina.silva11@email.com', 'senha123', '(21) 99234-5678', '112.233.445-56', NOW()),
(12, 'Lucas Ferreira', 'lucas.ferreira12@email.com', 'senha123', '(31) 99345-6789', '223.344.556-67', NOW()),
(13, 'Mariana Gomes', 'mariana.gomes13@email.com', 'senha123', '(41) 99456-7890', '334.455.667-78', NOW()),
(14, 'Nicolas Araujo', 'nicolas.araujo14@email.com', 'senha123', '(51) 99567-8901', '445.566.778-89', NOW()),
(15, 'Olivia Pereira', 'olivia.pereira15@email.com', 'senha123', '(61) 99678-9012', '556.677.889-90', NOW()),
(16, 'Paulo Ricardo', 'paulo.ricardo16@email.com', 'senha123', '(71) 99789-0123', '667.788.990-01', NOW()),
(17, 'Queila Andrade', 'queila.andrade17@email.com', 'senha123', '(81) 99890-1234', '778.899.001-12', NOW()),
(18, 'Rafael Moura', 'rafael.moura18@email.com', 'senha123', '(91) 99901-2345', '889.900.112-23', NOW()),
(19, 'Sofia Oliveira', 'sofia.oliveira19@email.com', 'senha123', '(11) 98765-4321', '990.011.223-34', NOW()),
(20, 'Thiago Barbosa', 'thiago.barbosa20@email.com', 'senha123', '(21) 97654-3210', '101.112.131-41', NOW()),
(21, 'Ursula Vieira', 'ursula.vieira21@email.com', 'senha123', '(31) 96543-2109', '202.223.242-52', NOW()),
(22, 'Victor Santos', 'victor.santos22@email.com', 'senha123', '(41) 95432-1098', '303.334.353-63', NOW()),
(23, 'Wesley Ribeiro', 'wesley.ribeiro23@email.com', 'senha123', '(51) 94321-0987', '404.445.464-74', NOW()),
(24, 'Xavier Almeida', 'xavier.almeida24@email.com', 'senha123', '(61) 93210-9876', '505.556.575-85', NOW()),
(25, 'Yasmin Cardoso', 'yasmin.cardoso25@email.com', 'senha123', '(71) 92109-8765', '606.667.686-96', NOW()),
(26, 'Zeca Fonseca', 'zeca.fonseca26@email.com', 'senha123', '(81) 91098-7654', '707.778.797-07', NOW()),
(27, 'Arthur Carvalho', 'arthur.carvalho27@email.com', 'senha123', '(91) 90987-6543', '808.889.808-18', NOW()),
(28, 'Bianca Lima', 'bianca.lima28@email.com', 'senha123', '(11) 99876-5432', '909.990.919-29', NOW()),
(29, 'Caio Moreira', 'caio.moreira29@email.com', 'senha123', '(21) 98765-4320', '111.222.333-44', NOW()),
(30, 'Daniela Torres', 'daniela.torres30@email.com', 'senha123', '(31) 97654-3219', '222.333.444-55', NOW());

select * from usuarios;

INSERT INTO enderecos (id, cliente_id, rua, numero, bairro, cidade, estado, cep) VALUES
(1, 1, 'Rua das Flores', '123', 'Jardim Primavera', 'São Paulo', 'SP', '01001-000'),
(2, 2, 'Avenida Brasil', '456', 'Centro', 'Rio de Janeiro', 'RJ', '20040-001'),
(3, 3, 'Rua da Liberdade', '789', 'Liberdade', 'Belo Horizonte', 'MG', '30130-010'),
(4, 4, 'Rua XV de Novembro', '321', 'Centro', 'Curitiba', 'PR', '80020-310'),
(5, 5, 'Avenida Beira Mar', '654', 'Meireles', 'Fortaleza', 'CE', '60165-121'),
(6, 6, 'Rua dos Andradas', '987', 'Centro Histórico', 'Porto Alegre', 'RS', '90020-005'),
(7, 7, 'Rua Boa Vista', '135', 'Centro', 'Recife', 'PE', '50030-230'),
(8, 8, 'Rua Sete de Setembro', '246', 'Centro', 'Florianópolis', 'SC', '88010-400'),
(9, 9, 'Avenida Goiás', '357', 'Centro', 'Goiânia', 'GO', '74010-010'),
(10, 10, 'Rua Grande', '468', 'Centro', 'São Luís', 'MA', '65020-000'),
(11, 11, 'Rua da Aurora', '579', 'Boa Vista', 'Recife', 'PE', '50050-000'),
(12, 12, 'Rua da Paz', '680', 'Centro', 'Campo Grande', 'MS', '79002-970'),
(13, 13, 'Rua Dom Bosco', '791', 'Centro', 'Natal', 'RN', '59025-000'),
(14, 14, 'Rua Frei Caneca', '159', 'Consolação', 'São Paulo', 'SP', '01307-001'),
(15, 15, 'Rua dos Girassóis', '753', 'Jardim América', 'Fortaleza', 'CE', '60811-210'),
(16, 16, 'Rua das Palmeiras', '852', 'Boa Viagem', 'Recife', 'PE', '51011-000'),
(17, 17, 'Avenida Independência', '951', 'Centro', 'Porto Alegre', 'RS', '90035-072'),
(18, 18, 'Rua Alvorada', '357A', 'Centro', 'Manaus', 'AM', '69005-010'),
(19, 19, 'Rua dos Lírios', '468B', 'Santa Cecília', 'São Paulo', 'SP', '01225-020'),
(20, 20, 'Rua das Acácias', '579C', 'Jardim Botânico', 'Rio de Janeiro', 'RJ', '22461-020'),
(21, 21, 'Rua São José', '681', 'Centro', 'Salvador', 'BA', '40020-210'),
(22, 22, 'Rua Princesa Isabel', '792', 'Centro', 'João Pessoa', 'PB', '58010-750'),
(23, 23, 'Avenida Tiradentes', '153', 'Centro', 'Curitiba', 'PR', '80060-110'),
(24, 24, 'Rua do Comércio', '264', 'Centro', 'Maceió', 'AL', '57020-000'),
(25, 25, 'Rua da Saudade', '375', 'Centro', 'Vitória', 'ES', '29010-060'),
(26, 26, 'Rua Bela Vista', '486', 'Centro', 'Belém', 'PA', '66010-020'),
(27, 27, 'Rua São Pedro', '597', 'Centro', 'Aracaju', 'SE', '49010-120'),
(28, 28, 'Rua 13 de Maio', '708', 'Centro', 'Cuiabá', 'MT', '78005-030'),
(29, 29, 'Rua Santos Dumont', '819', 'Centro', 'Teresina', 'PI', '64000-070'),
(30, 30, 'Rua Projetada A', '920', 'Jardim Novo', 'Brasília', 'DF', '70040-010');

select * from enderecos;

INSERT INTO categorias (id, nome, descricao) VALUES
(1, 'Eletrônicos', 'Dispositivos eletrônicos como celulares, tablets e notebooks'),
(2, 'Roupas Masculinas', 'Moda masculina: camisetas, calças, camisas, jaquetas e mais'),
(3, 'Roupas Femininas', 'Moda feminina: vestidos, blusas, saias, calças e acessórios'),
(4, 'Calçados', 'Tênis, sapatos, sandálias, botas e chinelos para todas as idades'),
(5, 'Acessórios', 'Relógios, cintos, bolsas, bonés, carteiras e bijuterias'),
(6, 'Livros', 'Livros de diversos gêneros: romance, ficção, técnico e acadêmico'),
(7, 'Esportes', 'Artigos esportivos como bolas, chuteiras, equipamentos de treino'),
(8, 'Brinquedos', 'Brinquedos infantis educativos, colecionáveis e de diversão'),
(9, 'Alimentos', 'Produtos alimentícios não perecíveis e industrializados'),
(10, 'Bebidas', 'Refrigerantes, sucos, cervejas, vinhos e bebidas destiladas'),
(11, 'Móveis', 'Móveis para sala, quarto, cozinha, escritório e área externa'),
(12, 'Decoração', 'Artigos decorativos para casa, quadros, vasos, iluminação'),
(13, 'Eletrodomésticos', 'Geladeiras, fogões, micro-ondas, máquinas de lavar e mais'),
(14, 'Cosméticos', 'Maquiagens, perfumes, cremes, produtos de cuidados pessoais'),
(15, 'Saúde', 'Vitaminas, suplementos alimentares e produtos de farmácia'),
(16, 'Automotivo', 'Peças, acessórios e produtos para automóveis e motocicletas'),
(17, 'Ferramentas', 'Ferramentas manuais, elétricas e equipamentos de construção'),
(18, 'Informática', 'Produtos de informática como periféricos, hardware e software'),
(19, 'Celulares', 'Smartphones, capas, carregadores e acessórios de telefonia'),
(20, 'Games', 'Consoles, jogos, controles e acessórios para videogames'),
(21, 'Papelaria', 'Materiais escolares e de escritório: cadernos, canetas, pastas'),
(22, 'Pet Shop', 'Produtos para animais de estimação: rações, brinquedos e acessórios'),
(23, 'Jardinagem', 'Ferramentas e produtos para cultivo de plantas e jardins'),
(24, 'Construção', 'Materiais de construção e reforma em geral'),
(25, 'Artesanato', 'Produtos artesanais, feitos à mão e exclusivos'),
(26, 'Cozinha', 'Utensílios e acessórios de cozinha e gastronomia'),
(27, 'Viagem', 'Mochilas, malas, acessórios e artigos de turismo'),
(28, 'Instrumentos Musicais', 'Violões, guitarras, teclados, baterias e acessórios musicais'),
(29, 'Filmes e Séries', 'DVDs, Blu-Rays e itens colecionáveis relacionados'),
(30, 'Serviços Digitais', 'Assinaturas, softwares e serviços de streaming online');

select * from categorias;

INSERT INTO produtos (id, nome, descricao, preco, estoque, categoria_id) VALUES
(1, 'Smartphone X1', 'Celular com tela 6.5" e 128GB de memória', 1899.90, 50, 1),
(2, 'Camiseta Básica', 'Camiseta de algodão 100% masculina', 39.90, 200, 2),
(3, 'Vestido Floral', 'Vestido feminino estampado, tecido leve', 129.90, 80, 3),
(4, 'Tênis Esportivo', 'Tênis leve para corrida e caminhada', 249.90, 120, 4),
(5, 'Relógio Digital', 'Relógio esportivo com cronômetro e alarme', 99.90, 70, 5),
(6, 'Livro de Fantasia', 'Obra de ficção com mais de 500 páginas', 59.90, 150, 6),
(7, 'Bola de Futebol', 'Bola oficial tamanho 5, costurada à mão', 89.90, 100, 7),
(8, 'Lego Classic', 'Kit de blocos de montar infantil', 149.90, 90, 8),
(9, 'Macarrão Spaghetti', 'Pacote de 500g de macarrão italiano', 6.90, 300, 9),
(10, 'Refrigerante Cola 2L', 'Garrafa PET de 2 litros', 8.90, 250, 10),
(11, 'Sofá 3 Lugares', 'Sofá retrátil e reclinável em tecido', 1899.00, 20, 11),
(12, 'Luminária de Mesa', 'Luminária LED moderna para escritório', 79.90, 100, 12),
(13, 'Geladeira Frost Free', 'Geladeira duplex 400L, consumo A+', 2999.00, 15, 13),
(14, 'Perfume Floral', 'Fragrância feminina com notas cítricas', 199.90, 60, 14),
(15, 'Ômega 3', 'Suplemento alimentar com 120 cápsulas', 49.90, 150, 15),
(16, 'Pneu Aro 15', 'Pneu radial para carros de passeio', 399.90, 40, 16),
(17, 'Furadeira Elétrica', 'Furadeira 500W com kit de brocas', 229.90, 55, 17),
(18, 'Mouse Sem Fio', 'Mouse óptico sem fio USB', 59.90, 180, 18),
(19, 'Capa de Celular', 'Capa de silicone protetora', 29.90, 300, 19),
(20, 'Console Gamer Z', 'Console com 1TB de armazenamento', 3499.00, 25, 20),
(21, 'Caderno Universitário', 'Caderno 200 folhas capa dura', 29.90, 200, 21),
(22, 'Ração para Cães 10kg', 'Ração premium para cães adultos', 149.90, 70, 22),
(23, 'Tesoura de Poda', 'Tesoura profissional para jardinagem', 79.90, 90, 23),
(24, 'Cimento 50kg', 'Saco de cimento CP-II 50kg', 32.90, 500, 24),
(25, 'Cesta Artesanal', 'Cesta de palha feita à mão', 59.90, 40, 25),
(26, 'Panela Antiaderente', 'Panela 24cm revestida com teflon', 119.90, 80, 26),
(27, 'Mochila de Viagem', 'Mochila 50L com compartimento para notebook', 249.90, 60, 27),
(28, 'Violão Acústico', 'Violão de cordas de aço tamanho padrão', 599.90, 30, 28),
(29, 'Box de Séries Clássicas', 'Coleção de DVDs de séries de TV famosas', 199.90, 25, 29),
(30, 'Assinatura Streaming 12M', 'Plano anual de serviço de streaming digital', 399.90, 100, 30);

select * from produtos;

INSERT INTO pedidos (id, cliente_id, data_pedido, status, total) VALUES
(1, 1, NOW() - INTERVAL 30 DAY, 'Concluído', 259.90),
(2, 2, NOW() - INTERVAL 29 DAY, 'Concluído', 1399.00),
(3, 3, NOW() - INTERVAL 28 DAY, 'Pendente', 89.90),
(4, 4, NOW() - INTERVAL 27 DAY, 'Cancelado', 399.90),
(5, 5, NOW() - INTERVAL 26 DAY, 'Concluído', 59.90),
(6, 6, NOW() - INTERVAL 25 DAY, 'Concluído', 2999.00),
(7, 7, NOW() - INTERVAL 24 DAY, 'Pendente', 199.90),
(8, 8, NOW() - INTERVAL 23 DAY, 'Concluído', 49.90),
(9, 9, NOW() - INTERVAL 22 DAY, 'Concluído', 999.90),
(10, 10, NOW() - INTERVAL 21 DAY, 'Concluído', 79.90),
(11, 11, NOW() - INTERVAL 20 DAY, 'Cancelado', 159.90),
(12, 12, NOW() - INTERVAL 19 DAY, 'Concluído', 3499.00),
(13, 13, NOW() - INTERVAL 18 DAY, 'Pendente', 29.90),
(14, 14, NOW() - INTERVAL 17 DAY, 'Concluído', 229.90),
(15, 15, NOW() - INTERVAL 16 DAY, 'Concluído', 799.00),
(16, 16, NOW() - INTERVAL 15 DAY, 'Pendente', 49.90),
(17, 17, NOW() - INTERVAL 14 DAY, 'Concluído', 119.90),
(18, 18, NOW() - INTERVAL 13 DAY, 'Concluído', 699.90),
(19, 19, NOW() - INTERVAL 12 DAY, 'Cancelado', 39.90),
(20, 20, NOW() - INTERVAL 11 DAY, 'Concluído', 1899.90),
(21, 21, NOW() - INTERVAL 10 DAY, 'Pendente', 99.90),
(22, 22, NOW() - INTERVAL 9 DAY, 'Concluído', 59.90),
(23, 23, NOW() - INTERVAL 8 DAY, 'Concluído', 179.90),
(24, 24, NOW() - INTERVAL 7 DAY, 'Cancelado', 32.90),
(25, 25, NOW() - INTERVAL 6 DAY, 'Concluído', 89.90),
(26, 26, NOW() - INTERVAL 5 DAY, 'Pendente', 399.90),
(27, 27, NOW() - INTERVAL 4 DAY, 'Concluído', 249.90),
(28, 28, NOW() - INTERVAL 3 DAY, 'Concluído', 129.90),
(29, 29, NOW() - INTERVAL 2 DAY, 'Pendente', 299.90),
(30, 30, NOW() - INTERVAL 1 DAY, 'Concluído', 199.90);

select * from pedidos;

INSERT INTO itens_pedido (id, pedido_id, produto_id, quantidade, preco_unitario) VALUES
(1, 1, 1, 1, 1899.90),
(2, 2, 2, 3, 39.90),
(3, 3, 7, 2, 89.90),
(4, 4, 4, 1, 249.90),
(5, 5, 6, 1, 59.90),
(6, 6, 13, 1, 2999.00),
(7, 7, 14, 2, 199.90),
(8, 8, 15, 1, 49.90),
(9, 9, 20, 1, 3499.00),
(10, 10, 12, 2, 79.90),
(11, 11, 5, 1, 99.90),
(12, 12, 19, 2, 29.90),
(13, 13, 21, 3, 29.90),
(14, 14, 17, 1, 229.90),
(15, 15, 11, 1, 1899.00),
(16, 16, 22, 2, 149.90),
(17, 17, 26, 1, 119.90),
(18, 18, 28, 1, 599.90),
(19, 19, 3, 1, 129.90),
(20, 20, 9, 10, 6.90),
(21, 21, 10, 5, 8.90),
(22, 22, 18, 2, 59.90),
(23, 23, 23, 1, 79.90),
(24, 24, 24, 3, 32.90),
(25, 25, 25, 2, 59.90),
(26, 26, 27, 1, 249.90),
(27, 27, 30, 1, 399.90),
(28, 28, 8, 1, 149.90),
(29, 29, 29, 1, 199.90),
(30, 30, 16, 1, 399.90);

select * from itens_pedidos;