use desafio;

INSERT INTO cliente (id, nome, email, senha, celular, cpf, criado_em) VALUES
(1, 'Ana Souza', 'ana.souza@email.com', 'senha123', '(11)98877-1234', '123.456.789-00', NOW()),
(2, 'Bruno Lima', 'bruno.lima@email.com', 'senha123', '(21)97766-4321', '234.567.890-11', NOW()),
(3, 'Carla Mendes', 'carla.mendes@email.com', 'senha123', '(31)96655-7890', '345.678.901-22', NOW()),
(4, 'Diego Santos', 'diego.santos@email.com', 'senha123', '(41)95544-5678', '456.789.012-33', NOW()),
(5, 'Eduarda Costa', 'eduarda.costa@email.com', 'senha123', '(51)94433-8765', '567.890.123-44', NOW()),
(6, 'Felipe Martins', 'felipe.martins@email.com', 'senha123', '(61)93322-3456', '678.901.234-55', NOW()),
(7, 'Gabriela Alves', 'gabriela.alves@email.com', 'senha123', '(71)92211-6543', '789.012.345-66', NOW()),
(8, 'Henrique Rocha', 'henrique.rocha@email.com', 'senha123', '(81)91100-9876', '890.123.456-77', NOW()),
(9, 'Isabela Nunes', 'isabela.nunes@email.com', 'senha123', '(91)98877-3456', '901.234.567-88', NOW()),
(10, 'João Pedro', 'joao.pedro@email.com', 'senha123', '(11)97766-2345', '012.345.678-99', NOW()),
(11, 'Karen Ribeiro', 'karen.ribeiro@email.com', 'senha123', '(21)96655-6789', '111.222.333-44', NOW()),
(12, 'Lucas Fernandes', 'lucas.fernandes@email.com', 'senha123', '(31)95544-1234', '222.333.444-55', NOW()),
(13, 'Mariana Lopes', 'mariana.lopes@email.com', 'senha123', '(41)94433-4321', '333.444.555-66', NOW()),
(14, 'Natália Gomes', 'natalia.gomes@email.com', 'senha123', '(51)93322-8765', '444.555.666-77', NOW()),
(15, 'Otávio Pires', 'otavio.pires@email.com', 'senha123', '(61)92211-5678', '555.666.777-88', NOW()),
(16, 'Paula Ferreira', 'paula.ferreira@email.com', 'senha123', '(71)91100-3456', '666.777.888-99', NOW()),
(17, 'Rafael Cardoso', 'rafael.cardoso@email.com', 'senha123', '(81)98877-6543', '777.888.999-00', NOW()),
(18, 'Sabrina Azevedo', 'sabrina.azevedo@email.com', 'senha123', '(91)97766-9876', '888.999.000-11', NOW()),
(19, 'Thiago Barros', 'thiago.barros@email.com', 'senha123', '(11)96655-8765', '999.000.111-22', NOW()),
(20, 'Úrsula Castro', 'ursula.castro@email.com', 'senha123', '(21)95544-2345', '000.111.222-33', NOW()),
(21, 'Vanessa Teixeira', 'vanessa.teixeira@email.com', 'senha123', '(31)94433-5678', '123.321.456-78', NOW()),
(22, 'William Silva', 'william.silva@email.com', 'senha123', '(41)93322-8765', '234.432.567-89', NOW()),
(23, 'Xavier Moura', 'xavier.moura@email.com', 'senha123', '(51)92211-1234', '345.543.678-90', NOW()),
(24, 'Yasmin Duarte', 'yasmin.duarte@email.com', 'senha123', '(61)91100-4321', '456.654.789-01', NOW()),
(25, 'Zé Carlos', 'ze.carlos@email.com', 'senha123', '(71)98877-8765', '567.765.890-12', NOW()),
(26, 'Adriana Monteiro', 'adriana.monteiro@email.com', 'senha123', '(81)97766-2345', '678.876.901-23', NOW()),
(27, 'Bruna Silva', 'bruna.silva@email.com', 'senha123', '(91)96655-3456', '789.987.012-34', NOW()),
(28, 'Caio Araújo', 'caio.araujo@email.com', 'senha123', '(11)95544-5678', '890.098.123-45', NOW()),
(29, 'Daniela Figueiredo', 'daniela.figueiredo@email.com', 'senha123', '(21)94433-6789', '901.109.234-56', NOW()),
(30, 'Eduardo Vieira', 'eduardo.vieira@email.com', 'senha123', '(31)93322-7890', '012.210.345-67', NOW());

select * from cliente;

INSERT INTO enderecos (id_enderecos, cliente_id, rua, numero, bairro, cidade, estado, cep) VALUES
(1, 1, 'Rua das Flores', 123, 'Centro', 'São Paulo', 'SP', '01001-000'),
(2, 2, 'Avenida Brasil', 456, 'Copacabana', 'Rio de Janeiro', 'RJ', '22041-001'),
(3, 3, 'Rua Minas Gerais', 789, 'Savassi', 'Belo Horizonte', 'MG', '30140-130'),
(4, 4, 'Rua XV de Novembro', 321, 'Centro', 'Curitiba', 'PR', '80020-310'),
(5, 5, 'Rua da Praia', 654, 'Centro Histórico', 'Porto Alegre', 'RS', '90010-000'),
(6, 6, 'Avenida W3 Sul', 987, 'Asa Sul', 'Brasília', 'DF', '70300-000'),
(7, 7, 'Rua do Comércio', 111, 'Pelourinho', 'Salvador', 'BA', '40025-000'),
(8, 8, 'Rua da Aurora', 222, 'Boa Vista', 'Recife', 'PE', '50050-000'),
(9, 9, 'Avenida Getúlio Vargas', 333, 'Redenção', 'Manaus', 'AM', '69005-000'),
(10, 10, 'Rua Beira Rio', 444, 'Ponta Negra', 'Manaus', 'AM', '69037-000'),
(11, 11, 'Rua Independência', 555, 'Centro', 'Fortaleza', 'CE', '60055-000'),
(12, 12, 'Avenida João Pessoa', 666, 'Centro', 'Natal', 'RN', '59025-000'),
(13, 13, 'Rua Goiás', 777, 'Setor Central', 'Goiânia', 'GO', '74000-000'),
(14, 14, 'Rua Dom Pedro II', 888, 'Centro', 'Belém', 'PA', '66010-000'),
(15, 15, 'Rua das Palmeiras', 999, 'Centro', 'Florianópolis', 'SC', '88010-000'),
(16, 16, 'Rua Tiradentes', 112, 'Centro', 'Vitória', 'ES', '29010-000'),
(17, 17, 'Avenida Amazonas', 223, 'Centro', 'Uberlândia', 'MG', '38400-000'),
(18, 18, 'Rua São José', 334, 'Centro', 'João Pessoa', 'PB', '58010-000'),
(19, 19, 'Rua Maranhão', 445, 'Centro', 'Teresina', 'PI', '64000-000'),
(20, 20, 'Rua Pará', 556, 'Centro', 'Campo Grande', 'MS', '79000-000'),
(21, 21, 'Rua Alagoas', 667, 'Centro', 'Maceió', 'AL', '57000-000'),
(22, 22, 'Rua Sergipe', 778, 'Centro', 'Aracaju', 'SE', '49000-000'),
(23, 23, 'Rua Rondônia', 889, 'Centro', 'Porto Velho', 'RO', '76800-000'),
(24, 24, 'Rua Acre', 990, 'Centro', 'Rio Branco', 'AC', '69900-000'),
(25, 25, 'Rua Roraima', 135, 'Centro', 'Boa Vista', 'RR', '69300-000'),
(26, 26, 'Rua Tocantins', 246, 'Centro', 'Palmas', 'TO', '77000-000'),
(27, 27, 'Rua São Paulo', 357, 'Centro', 'Campinas', 'SP', '13000-000'),
(28, 28, 'Rua Paraná', 468, 'Centro', 'Londrina', 'PR', '86000-000'),
(29, 29, 'Rua Ceará', 579, 'Centro', 'Cuiabá', 'MT', '78000-000'),
(30, 30, 'Rua Santa Catarina', 680, 'Centro', 'Blumenau', 'SC', '89000-000');

select * from enderecos;

INSERT INTO categorias (id_categorias, nome, descricao) VALUES
(1, 'Eletrônicos', 'Aparelhos e dispositivos eletrônicos'),
(2, 'Celulares', 'Smartphones e acessórios'),
(3, 'Informática', 'Computadores e periféricos'),
(4, 'Eletrodomésticos', 'Produtos para casa e cozinha'),
(5, 'Móveis', 'Móveis para todos os ambientes'),
(6, 'Roupas Masculinas', 'Vestuário para homens'),
(7, 'Roupas Femininas', 'Vestuário para mulheres'),
(8, 'Calçados', 'Tênis, sapatos e sandálias'),
(9, 'Acessórios', 'Bolsas, cintos e carteiras'),
(10, 'Beleza', 'Cosméticos e perfumes'),
(11, 'Saúde', 'Produtos de saúde e bem-estar'),
(12, 'Esportes', 'Artigos esportivos e academia'),
(13, 'Brinquedos', 'Brinquedos e jogos infantis'),
(14, 'Livros', 'Livros de vários gêneros'),
(15, 'Papelaria', 'Materiais escolares e escritório'),
(16, 'Ferramentas', 'Ferramentas manuais e elétricas'),
(17, 'Automotivo', 'Peças e acessórios para veículos'),
(18, 'Casa e Jardim', 'Itens para casa e jardinagem'),
(19, 'Pet Shop', 'Produtos para animais de estimação'),
(20, 'Bebês', 'Produtos e acessórios infantis'),
(21, 'Alimentos', 'Comidas, bebidas e mantimentos'),
(22, 'Instrumentos Musicais', 'Guitarras, teclados e baterias'),
(23, 'Filmes e Séries', 'DVDs, Blu-Rays e colecionáveis'),
(24, 'Games', 'Consoles, jogos e acessórios gamer'),
(25, 'Relógios', 'Relógios de pulso e smartwatches'),
(26, 'Joias', 'Anéis, colares e pulseiras'),
(27, 'Artesanato', 'Itens feitos à mão'),
(28, 'Decoração', 'Objetos decorativos para casa'),
(29, 'Viagem', 'Malas e artigos de viagem'),
(30, 'Serviços Digitais', 'Assinaturas e softwares online');


select * from categorias;

INSERT INTO produtos (id_produtos, nome, descricao, preco, estoque, categoria_id) VALUES
(1, 'Smart TV 50"', 'Smart TV 4K com Wi-Fi integrado', '2499.90', 15, 1),
(2, 'iPhone 14', 'Smartphone Apple 128GB', '5999.00', 10, 2),
(3, 'Notebook Dell', 'Notebook i5, 8GB RAM, 256GB SSD', '3799.00', 20, 3),
(4, 'Geladeira Frost Free', 'Geladeira duplex 400L', '2999.90', 8, 4),
(5, 'Sofá Retrátil', 'Sofá 3 lugares reclinável', '1899.00', 12, 5),
(6, 'Camiseta Polo', 'Camiseta polo 100% algodão', '79.90', 50, 6),
(7, 'Vestido Floral', 'Vestido casual feminino estampado', '129.90', 40, 7),
(8, 'Tênis Nike Air', 'Tênis esportivo unissex', '499.90', 25, 8),
(9, 'Bolsa Couro', 'Bolsa feminina em couro sintético', '199.90', 30, 9),
(10, 'Perfume Importado', 'Perfume Eau de Parfum 100ml', '349.90', 18, 10),
(11, 'Suplemento Whey', 'Whey Protein 1kg baunilha', '159.90', 22, 11),
(12, 'Bicicleta MTB', 'Bicicleta aro 29 com 21 marchas', '1299.00', 7, 12),
(13, 'Boneca Barbie', 'Boneca Barbie Fashionista', '89.90', 60, 13),
(14, 'Livro Dom Casmurro', 'Obra clássica de Machado de Assis', '39.90', 100, 14),
(15, 'Caderno 200 folhas', 'Caderno universitário capa dura', '29.90', 150, 15),
(16, 'Furadeira Bosch', 'Furadeira elétrica 500W', '249.90', 20, 16),
(17, 'Pneu Aro 15', 'Pneu automotivo novo', '399.90', 35, 17),
(18, 'Kit Jardinagem', 'Conjunto de ferramentas para jardim', '79.90', 40, 18),
(19, 'Ração Premium 10kg', 'Ração para cães adultos', '149.90', 25, 19),
(20, 'Carrinho de Bebê', 'Carrinho de bebê dobrável', '699.90', 10, 20),
(21, 'Cesta de Chocolates', 'Cesta com chocolates sortidos', '119.90', 18, 21),
(22, 'Violão Yamaha', 'Violão acústico de nylon', '799.90', 12, 22),
(23, 'Box Harry Potter', 'Coleção completa de livros', '249.90', 15, 23),
(24, 'PlayStation 5', 'Console PS5 com controle', '4999.00', 6, 24),
(25, 'Relógio Casio', 'Relógio digital resistente à água', '199.90', 20, 25),
(26, 'Aliança de Prata', 'Par de alianças em prata 925', '299.90', 15, 26),
(27, 'Kit Artesanato', 'Materiais para artesanato em madeira', '99.90', 30, 27),
(28, 'Vaso Decorativo', 'Vaso de cerâmica para sala', '79.90', 25, 28),
(29, 'Mala de Viagem Média', 'Mala ABS com rodinhas 360º', '349.90', 18, 29),
(30, 'Licença Office 365', 'Pacote Office com 1 ano de assinatura', '299.90', 50, 30);


select * from produtos;

INSERT INTO pedidos (id_pedidos, cliente_id, data_pedido, status_pedido, total) VALUES
(1, 1, '2025-01-05', 'pago', 'R$ 2499.90'),
(2, 2, '2025-01-10', 'enviado', 'R$ 5999.00'),
(3, 3, '2025-01-15', 'pendente', 'R$ 3799.00'),
(4, 4, '2025-01-20', 'cancelado', 'R$ 2999.90'),
(5, 5, '2025-02-01', 'pago', 'R$ 1899.00'),
(6, 6, '2025-02-05', 'pendente', 'R$ 79.90'),
(7, 7, '2025-02-07', 'enviado', 'R$ 129.90'),
(8, 8, '2025-02-10', 'pago', 'R$ 499.90'),
(9, 9, '2025-02-15', 'cancelado', 'R$ 199.90'),
(10, 10, '2025-02-20', 'pendente', 'R$ 349.90'),
(11, 11, '2025-02-25', 'enviado', 'R$ 159.90'),
(12, 12, '2025-03-01', 'pago', 'R$ 1299.00'),
(13, 13, '2025-03-05', 'pendente', 'R$ 89.90'),
(14, 14, '2025-03-10', 'enviado', 'R$ 39.90'),
(15, 15, '2025-03-15', 'pago', 'R$ 29.90'),
(16, 16, '2025-03-20', 'cancelado', 'R$ 249.90'),
(17, 17, '2025-04-01', 'pendente', 'R$ 399.90'),
(18, 18, '2025-04-05', 'enviado', 'R$ 79.90'),
(19, 19, '2025-04-10', 'pago', 'R$ 149.90'),
(20, 20, '2025-04-15', 'cancelado', 'R$ 699.90'),
(21, 21, '2025-04-20', 'pago', 'R$ 119.90'),
(22, 22, '2025-05-01', 'enviado', 'R$ 799.90'),
(23, 23, '2025-05-05', 'pendente', 'R$ 249.90'),
(24, 24, '2025-05-10', 'pago', 'R$ 4999.00'),
(25, 25, '2025-05-15', 'cancelado', 'R$ 199.90'),
(26, 26, '2025-05-20', 'enviado', 'R$ 299.90'),
(27, 27, '2025-06-01', 'pago', 'R$ 99.90'),
(28, 28, '2025-06-05', 'pendente', 'R$ 79.90'),
(29, 29, '2025-06-10', 'enviado', 'R$ 349.90'),
(30, 30, '2025-06-15', 'pago', 'R$ 299.90');

select * from pedidos;

INSERT INTO itens_pedidos (id_itens_pedidos, pedido_id, produtos_id, quantidade, preco_unitario) VALUES
(1, 1, 2, 1, '199.90'),
(2, 1, 5, 2, '59.90'),
(3, 2, 3, 1, '89.90'),
(4, 2, 7, 3, '29.90'),
(5, 3, 10, 1, '499.00'),
(6, 3, 8, 2, '75.00'),
(7, 4, 1, 1, '999.90'),
(8, 4, 4, 4, '15.90'),
(9, 5, 12, 1, '120.00'),
(10, 5, 6, 2, '45.50'),
(11, 6, 9, 1, '220.00'),
(12, 6, 14, 2, '60.00'),
(13, 7, 11, 1, '350.00'),
(14, 7, 15, 3, '25.90'),
(15, 8, 13, 2, '80.00'),
(16, 8, 16, 1, '450.00'),
(17, 9, 18, 1, '59.00'),
(18, 9, 20, 2, '35.00'),
(19, 10, 19, 4, '10.90'),
(20, 10, 17, 1, '150.00'),
(21, 11, 2, 2, '199.90'),
(22, 11, 6, 3, '45.50'),
(23, 12, 8, 1, '75.00'),
(24, 12, 5, 1, '59.90'),
(25, 13, 7, 2, '29.90'),
(26, 13, 9, 1, '220.00'),
(27, 14, 4, 5, '15.90'),
(28, 14, 3, 1, '89.90'),
(29, 15, 10, 1, '499.00'),
(30, 15, 1, 1, '999.90');

select * from itens_pedido;
